n,lang,test,time
10000,c,testCat,0.000168
10000,js,testCat,0.348231
10000,php,testCat,0.00036501884460449
10000,py,testCat,0.0006690025329589844
10000,c,testCmp,0.000022
10000,java,testCmp,0.001000
10000,js,testCmp,0.256052
10000,php,testCmp,0.00027799606323242
10000,py,testCmp,0.0003898143768310547
10000,c,testCpy,0.000089
10000,java,testCpy,0.000293
10000,js,testCpy,0.309708
10000,php,testCpy,0.00037813186645508
10000,py,testCpy,0.00014281272888183594
10000,c,testLen,0.000034
10000,java,testLen,0.000856
10000,js,testLen,0.286709
10000,php,testLen,0.00041007995605469
10000,py,testLen,0.00040650367736816406
15000,c,testCat,0.000170
15000,java,testCat,0.032773
15000,js,testCat,0.671529
15000,php,testCat,0.00057315826416016
15000,py,testCat,0.0009341239929199219
15000,c,testCmp,0.000031
15000,java,testCmp,0.001116
15000,js,testCmp,0.365256
15000,php,testCmp,0.00040483474731445
15000,py,testCmp,0.0005629062652587891
15000,c,testCpy,0.000151
15000,java,testCpy,0.000415
15000,js,testCpy,0.43367
15000,php,testCpy,0.00055098533630371
15000,py,testCpy,0.0002155303955078125
15000,c,testLen,0.000051
15000,java,testLen,0.001029
15000,js,testLen,0.585923
15000,php,testLen,0.00063300132751465
15000,py,testLen,0.0005295276641845703
20000,c,testCat,0.000129
20000,java,testCat,0.037575
20000,js,testCat,1.003324
20000,php,testCat,0.00071310997009277
20000,py,testCat,0.0011310577392578125
20000,c,testCmp,0.000043
20000,java,testCmp,0.000924
20000,js,testCmp,0.46871
20000,php,testCmp,0.00054311752319336
20000,py,testCmp,0.0007195472717285156
20000,c,testCpy,0.000172
20000,java,testCpy,0.000600
20000,js,testCpy,0.448442
20000,php,testCpy,0.00073909759521484
20000,py,testCpy,0.00031375885009765625
20000,c,testLen,0.000068
20000,java,testLen,0.000954
20000,js,testLen,0.396918
20000,php,testLen,0.00081992149353027
20000,py,testLen,0.0006964206695556641
25000,c,testCat,0.000148
25000,java,testCat,0.026593
25000,js,testCat,1.005781
25000,php,testCat,0.0012052059173584
25000,py,testCat,0.001422882080078125
25000,c,testCmp,0.000051
25000,java,testCmp,0.001850
25000,js,testCmp,0.492811
25000,php,testCmp,0.0007779598236084
25000,py,testCmp,0.0013706684112548828
25000,c,testCpy,0.000215
25000,java,testCpy,0.000704
25000,js,testCpy,0.564203
25000,php,testCpy,0.00093197822570801
25000,py,testCpy,0.0003039836883544922
25000,c,testLen,0.000077
25000,java,testLen,0.003151
25000,js,testLen,0.447735
25000,php,testLen,0.0010080337524414
25000,py,testLen,0.0008237361907958984
30000,c,testCat,0.000205
30000,java,testCat,0.025824
30000,js,testCat,0.879832
30000,php,testCat,0.0011410713195801
30000,py,testCat,0.0018377304077148438
30000,c,testCmp,0.000060
30000,java,testCmp,0.002310
30000,js,testCmp,0.599712
30000,php,testCmp,0.00078606605529785
30000,py,testCmp,0.001024484634399414
30000,c,testCpy,0.000269
30000,java,testCpy,0.000988
30000,js,testCpy,0.610252
30000,php,testCpy,0.0011100769042969
30000,py,testCpy,0.0003643035888671875
30000,c,testLen,0.000092
30000,java,testLen,0.001493
30000,js,testLen,0.50711
30000,php,testLen,0.0012340545654297
30000,py,testLen,0.0010335445404052734
35000,c,testCat,0.000328
35000,java,testCat,0.028649
35000,js,testCat,1.068496
35000,php,testCat,0.0011978149414062
35000,py,testCat,0.002342700958251953
35000,c,testCmp,0.000071
35000,java,testCmp,0.002348
35000,js,testCmp,0.659556
35000,php,testCmp,0.0010020732879639
35000,py,testCmp,0.00118255615234375
35000,c,testCpy,0.000314
35000,java,testCpy,0.000977
35000,js,testCpy,0.755668
35000,php,testCpy,0.0013089179992676
35000,py,testCpy,0.0006113052368164062
35000,c,testLen,0.000132
35000,java,testLen,0.003051
35000,js,testLen,1.019477
35000,php,testLen,0.0014779567718506
35000,py,testLen,0.001836538314819336
40000,c,testCat,0.000246
40000,java,testCat,0.026478
40000,js,testCat,4.12905
40000,php,testCat,0.0017139911651611
40000,py,testCat,0.0026051998138427734
40000,c,testCmp,0.000080
40000,java,testCmp,0.002613
40000,js,testCmp,1.160937
40000,php,testCmp,0.0011141300201416
40000,py,testCmp,0.001428365707397461
40000,c,testCpy,0.000351
40000,java,testCpy,0.001175
40000,js,testCpy,0.885503
40000,php,testCpy,0.0019898414611816
40000,py,testCpy,0.0004999637603759766
40000,c,testLen,0.000134
40000,java,testLen,0.002374
40000,js,testLen,0.698763
40000,php,testLen,0.0017368793487549
40000,py,testLen,0.0013551712036132812
45000,c,testCat,0.000447
45000,java,testCat,0.026561
45000,js,testCat,1.343394
45000,php,testCat,0.0015881061553955
45000,py,testCat,0.002711057662963867
45000,c,testCmp,0.000092
45000,java,testCmp,0.003134
45000,js,testCmp,0.937717
45000,php,testCmp,0.0013988018035889
45000,py,testCmp,0.0017681121826171875
45000,c,testCpy,0.000368
45000,java,testCpy,0.001395
45000,js,testCpy,0.839953
45000,php,testCpy,0.0016770362854004
45000,py,testCpy,0.0006480216979980469
45000,c,testLen,0.000139
45000,java,testLen,0.002109
45000,js,testLen,0.760262
45000,php,testLen,0.0017769336700439
45000,py,testLen,0.0019888877868652344
50000,c,testCat,0.000311
50000,java,testCat,0.034455
50000,js,testCat,2.987788
50000,php,testCat,0.0017991065979004
50000,py,testCat,0.0029430389404296875
50000,c,testCmp,0.000103
50000,java,testCmp,0.004969
50000,js,testCmp,0.908082
50000,php,testCmp,0.0013740062713623
50000,py,testCmp,0.0024471282958984375
50000,c,testCpy,0.000731
50000,java,testCpy,0.001650
50000,js,testCpy,0.982973
50000,php,testCpy,0.0020411014556885
50000,py,testCpy,0.0006842613220214844
50000,c,testLen,0.000159
50000,java,testLen,0.003337
50000,js,testLen,0.818927
50000,php,testLen,0.0020291805267334
50000,py,testLen,0.0017027854919433594
55000,c,testCat,0.000356
55000,java,testCat,0.035861
55000,js,testCat,1.513752
55000,php,testCat,0.0020320415496826
55000,py,testCat,0.003466367721557617
55000,c,testCmp,0.000111
55000,java,testCmp,0.005626
55000,js,testCmp,1.685417
55000,php,testCmp,0.0016429424285889
55000,py,testCmp,0.0024132728576660156
55000,c,testCpy,0.000498
55000,java,testCpy,0.001544
55000,js,testCpy,1.544418
55000,php,testCpy,0.0020267963409424
55000,py,testCpy,0.0007007122039794922
55000,c,testLen,0.000174
55000,java,testLen,0.002969
55000,js,testLen,0.975343
55000,php,testLen,0.002349853515625
55000,py,testLen,0.0026803016662597656
60000,c,testCat,0.000497
60000,java,testCat,0.047484
60000,js,testCat,1.788559
60000,php,testCat,0.0024170875549316
60000,py,testCat,0.003902435302734375
60000,c,testCmp,0.000124
60000,java,testCmp,0.005787
60000,js,testCmp,1.170647
60000,php,testCmp,0.00164794921875
60000,py,testCmp,0.0021865367889404297
60000,c,testCpy,0.000561
60000,java,testCpy,0.001516
60000,js,testCpy,2.040706
60000,php,testCpy,0.0023460388183594
60000,py,testCpy,0.0011208057403564453
60000,c,testLen,0.000178
60000,java,testLen,0.004682
60000,js,testLen,0.929652
60000,php,testLen,0.0024688243865967
60000,py,testLen,0.0021822452545166016
65000,c,testCat,0.000777
65000,java,testCat,0.041304
65000,js,testCat,1.832399
65000,php,testCat,0.0043041706085205
65000,py,testCat,0.004198789596557617
65000,c,testCmp,0.000145
65000,java,testCmp,0.001425
65000,js,testCmp,1.172805
65000,php,testCmp,0.0017740726470947
65000,py,testCmp,0.002307891845703125
65000,c,testCpy,0.000571
65000,java,testCpy,0.000183
65000,js,testCpy,1.282566
65000,php,testCpy,0.0024528503417969
65000,py,testCpy,0.0008435249328613281
65000,c,testLen,0.000514
65000,java,testLen,0.000901
65000,js,testLen,0.97356
65000,php,testLen,0.0025949478149414
65000,py,testLen,0.002878904342651367
70000,c,testCat,0.000450
70000,java,testCat,0.047029
70000,js,testCat,2.471718
70000,php,testCat,0.0026390552520752
70000,py,testCat,0.0047512054443359375
70000,c,testCmp,0.000159
70000,java,testCmp,0.001622
70000,js,testCmp,1.145377
70000,php,testCmp,0.0018770694732666
70000,py,testCmp,0.0026285648345947266
70000,c,testCpy,0.001042
70000,java,testCpy,0.000335
70000,js,testCpy,1.20629
70000,php,testCpy,0.002377986907959
70000,py,testCpy,0.0009090900421142578
70000,c,testLen,0.000234
70000,java,testLen,0.001513
70000,js,testLen,1.073758
70000,php,testLen,0.0028610229492188
70000,py,testLen,0.0028247833251953125
75000,c,testCat,0.000460
75000,java,testCat,0.034990
75000,js,testCat,3.282292
75000,php,testCat,0.0051121711730957
75000,py,testCat,0.005648136138916016
75000,c,testCmp,0.000189
75000,java,testCmp,0.001901
75000,js,testCmp,1.455647
75000,php,testCmp,0.0020060539245605
75000,py,testCmp,0.003027677536010742
75000,c,testCpy,0.000701
75000,java,testCpy,0.000218
75000,js,testCpy,1.394441
75000,php,testCpy,0.0027310848236084
75000,py,testCpy,0.0015444755554199219
75000,c,testLen,0.000262
75000,java,testLen,0.001345
75000,js,testLen,1.107323
75000,php,testLen,0.0030958652496338
75000,py,testLen,0.00278472900390625
80000,c,testCat,0.000612
80000,java,testCat,0.050698
80000,js,testCat,2.965179
80000,php,testCat,0.0030269622802734
80000,py,testCat,0.0050907135009765625
80000,c,testCmp,0.000179
80000,java,testCmp,0.003628
80000,js,testCmp,1.505816
80000,php,testCmp,0.0040280818939209
80000,py,testCmp,0.0032796859741210938
80000,c,testCpy,0.000911
80000,java,testCpy,0.000236
80000,js,testCpy,1.546322
80000,php,testCpy,0.0034630298614502
80000,py,testCpy,0.0013382434844970703
80000,c,testLen,0.000280
80000,java,testLen,0.002162
80000,js,testLen,1.192035
80000,php,testLen,0.0033059120178223
80000,py,testLen,0.0030341148376464844
85000,c,testCat,0.000546
85000,java,testCat,0.047317
85000,js,testCat,5.732827
85000,php,testCat,0.0036258697509766
85000,py,testCat,0.005654573440551758
85000,c,testCmp,0.000194
85000,java,testCmp,0.002368
85000,js,testCmp,1.486489
85000,php,testCmp,0.0023388862609863
85000,py,testCmp,0.0034363269805908203
85000,c,testCpy,0.000824
85000,java,testCpy,0.000376
85000,js,testCpy,1.414034
85000,php,testCpy,0.0030720233917236
85000,py,testCpy,0.0012366771697998047
85000,c,testLen,0.000310
85000,java,testLen,0.001895
85000,js,testLen,1.179181
85000,php,testLen,0.0034639835357666
85000,py,testLen,0.0033507347106933594
90000,c,testCat,0.000676
90000,java,testCat,0.041135
90000,js,testCat,2.107545
90000,php,testCat,0.0034139156341553
90000,py,testCat,0.0062940120697021484
90000,c,testCmp,0.000199
90000,java,testCmp,0.002982
90000,js,testCmp,2.043753
90000,php,testCmp,0.002349853515625
90000,py,testCmp,0.003405332565307617
90000,c,testCpy,0.000742
90000,java,testCpy,0.000329
90000,js,testCpy,1.519994
90000,php,testCpy,0.0033631324768066
90000,py,testCpy,0.002681255340576172
90000,c,testLen,0.000286
90000,java,testLen,0.001929
90000,js,testLen,1.418635
90000,php,testLen,0.0038681030273438
90000,py,testLen,0.0032961368560791016
95000,c,testCat,0.000681
95000,java,testCat,0.037623
95000,js,testCat,3.178979
95000,php,testCat,0.0038430690765381
95000,py,testCat,0.0071566104888916016
95000,c,testCmp,0.000197
95000,java,testCmp,0.003218
95000,js,testCmp,1.550796
95000,php,testCmp,0.0025699138641357
95000,py,testCmp,0.003709554672241211
95000,c,testCpy,0.000765
95000,java,testCpy,0.000299
95000,js,testCpy,2.269626
95000,php,testCpy,0.0037600994110107
95000,py,testCpy,0.0014214515686035156
95000,c,testLen,0.000296
95000,java,testLen,0.002093
95000,js,testLen,1.468849
95000,php,testLen,0.0036778450012207
95000,py,testLen,0.003975868225097656
100000,c,testCat,0.000628
100000,java,testCat,0.038614
100000,js,testCat,2.81789
100000,php,testCat,0.0045211315155029
100000,py,testCat,0.007823705673217773
100000,c,testCmp,0.000201
100000,java,testCmp,0.004954
100000,js,testCmp,1.577325
100000,php,testCmp,0.0027599334716797
100000,py,testCmp,0.0038924217224121094
100000,c,testCpy,0.000793
100000,java,testCpy,0.000355
100000,js,testCpy,1.495269
100000,php,testCpy,0.0042691230773926
100000,py,testCpy,0.001538991928100586
100000,c,testLen,0.000320
100000,java,testLen,0.002166
100000,js,testLen,1.40845
100000,php,testLen,0.0039241313934326
100000,py,testLen,0.004294395446777344
10000,c,testCat,0.000072
10000,java,testCat,0.027920
10000,js,testCat,0.420082
10000,php,testCat,0.00032711029052734
10000,py,testCat,0.0006091594696044922
10000,c,testCmp,0.000022
10000,java,testCmp,0.001012
10000,js,testCmp,0.300262
10000,php,testCmp,0.00026512145996094
10000,py,testCmp,0.0004138946533203125
10000,c,testCpy,0.000089
10000,java,testCpy,0.000330
10000,js,testCpy,0.369839
10000,php,testCpy,0.00035405158996582
10000,py,testCpy,0.0001277923583984375
10000,c,testLen,0.000049
10000,java,testLen,0.000966
10000,js,testLen,0.301092
10000,php,testLen,0.00041317939758301
10000,py,testLen,0.0003643035888671875
15000,c,testCat,0.000104
15000,java,testCat,0.036326
15000,js,testCat,0.60942
15000,php,testCat,0.00051188468933105
15000,py,testCat,0.0009355545043945312
15000,c,testCmp,0.000031
15000,java,testCmp,0.001126
15000,js,testCmp,0.463643
15000,php,testCmp,0.00071191787719727
15000,py,testCmp,0.0005052089691162109
15000,c,testCpy,0.000118
15000,java,testCpy,0.000502
15000,js,testCpy,0.371929
15000,php,testCpy,0.00056099891662598
15000,py,testCpy,0.00018858909606933594
15000,c,testLen,0.000048
15000,java,testLen,0.001283
15000,js,testLen,0.352842
15000,php,testLen,0.00059199333190918
15000,py,testLen,0.0005538463592529297
20000,c,testCat,0.000138
20000,java,testCat,0.031024
20000,js,testCat,0.789859
20000,php,testCat,0.00074100494384766
20000,py,testCat,0.0012447834014892578
20000,c,testCmp,0.000043
20000,java,testCmp,0.000984
20000,js,testCmp,0.483321
20000,php,testCmp,0.00054502487182617
20000,py,testCmp,0.0007970333099365234
20000,c,testCpy,0.000184
20000,java,testCpy,0.000607
20000,js,testCpy,0.528209
20000,php,testCpy,0.00070810317993164
20000,py,testCpy,0.00028395652770996094
20000,c,testLen,0.000067
20000,java,testLen,0.000859
20000,js,testLen,0.460307
20000,php,testLen,0.00097799301147461
20000,py,testLen,0.0006821155548095703
25000,c,testCat,0.000168
25000,java,testCat,0.028778
25000,js,testCat,0.755322
25000,php,testCat,0.00086379051208496
25000,py,testCat,0.0018427371978759766
25000,c,testCmp,0.000059
25000,java,testCmp,0.001983
25000,js,testCmp,0.61637
25000,php,testCmp,0.00063586235046387
25000,py,testCmp,0.0010228157043457031
25000,c,testCpy,0.000227
25000,java,testCpy,0.000800
25000,js,testCpy,0.583847
25000,php,testCpy,0.00093293190002441
25000,py,testCpy,0.0006039142608642578
25000,c,testLen,0.000087
25000,java,testLen,0.001599
25000,js,testLen,0.51326
25000,php,testLen,0.0011229515075684
25000,py,testLen,0.001001596450805664
30000,c,testCat,0.000230
30000,java,testCat,0.029914
30000,js,testCat,0.950706
30000,php,testCat,0.001101016998291
30000,py,testCat,0.002412080764770508
30000,c,testCmp,0.000066
30000,java,testCmp,0.001854
30000,js,testCmp,0.721498
30000,php,testCmp,0.00080013275146484
30000,py,testCmp,0.0013153553009033203
30000,c,testCpy,0.000245
30000,java,testCpy,0.000994
30000,js,testCpy,0.787523
30000,php,testCpy,0.0011081695556641
30000,py,testCpy,0.0004057884216308594
30000,c,testLen,0.000106
30000,java,testLen,0.001728
30000,js,testLen,0.641959
30000,php,testLen,0.0013101100921631
30000,py,testLen,0.0014925003051757812
35000,c,testCat,0.000240
35000,java,testCat,0.029040
35000,js,testCat,1.152724
35000,php,testCat,0.0011911392211914
35000,py,testCat,0.002438783645629883
35000,c,testCmp,0.000074
35000,java,testCmp,0.002157
35000,js,testCmp,1.000479
35000,php,testCmp,0.00090312957763672
35000,py,testCmp,0.0016586780548095703
35000,c,testCpy,0.000321
35000,java,testCpy,0.001149
35000,js,testCpy,0.794308
35000,php,testCpy,0.0013489723205566
35000,py,testCpy,0.0008656978607177734
35000,c,testLen,0.000217
35000,java,testLen,0.002526
35000,js,testLen,0.946344
35000,php,testLen,0.001345157623291
35000,py,testLen,0.0017256736755371094
40000,c,testCat,0.000285
40000,java,testCat,0.032696
40000,js,testCat,3.765469
40000,php,testCat,0.0013389587402344
40000,py,testCat,0.0029158592224121094
40000,c,testCmp,0.000089
40000,java,testCmp,0.002544
40000,js,testCmp,0.774543
40000,php,testCmp,0.0010428428649902
40000,py,testCmp,0.0016276836395263672
40000,c,testCpy,0.000413
40000,java,testCpy,0.001295
40000,js,testCpy,1.672856
40000,php,testCpy,0.0017151832580566
40000,py,testCpy,0.001474142074584961
40000,c,testLen,0.000159
40000,java,testLen,0.002423
40000,js,testLen,0.75798
40000,php,testLen,0.0016109943389893
40000,py,testLen,0.0016925334930419922
45000,c,testCat,0.000352
45000,java,testCat,0.031885
45000,js,testCat,1.275862
45000,php,testCat,0.0015759468078613
45000,py,testCat,0.0033845901489257812
45000,c,testCmp,0.000117
45000,java,testCmp,0.003302
45000,js,testCmp,0.857339
45000,php,testCmp,0.0012040138244629
45000,py,testCmp,0.0018453598022460938
45000,c,testCpy,0.000468
45000,java,testCpy,0.002176
45000,js,testCpy,0.946354
45000,php,testCpy,0.0019350051879883
45000,py,testCpy,0.0007300376892089844
45000,c,testLen,0.000167
45000,java,testLen,0.003033
45000,js,testLen,0.793683
45000,php,testLen,0.0017578601837158
45000,py,testLen,0.0019254684448242188
50000,c,testCat,0.000345
50000,java,testCat,0.038463
50000,js,testCat,3.274339
50000,php,testCat,0.0017061233520508
50000,py,testCat,0.003810405731201172
50000,c,testCmp,0.000103
50000,java,testCmp,0.003735
50000,js,testCmp,1.085653
50000,php,testCmp,0.0014910697937012
50000,py,testCmp,0.002263784408569336
50000,c,testCpy,0.000394
50000,java,testCpy,0.001654
50000,js,testCpy,0.975816
50000,php,testCpy,0.0018041133880615
50000,py,testCpy,0.0008063316345214844
50000,c,testLen,0.000156
50000,java,testLen,0.003620
50000,js,testLen,0.94911
50000,php,testLen,0.0020370483398438
50000,py,testLen,0.0027174949645996094
55000,c,testCat,0.000394
55000,java,testCat,0.040011
55000,js,testCat,1.494808
55000,php,testCat,0.0022270679473877
55000,py,testCat,0.0037386417388916016
55000,c,testCmp,0.000111
55000,java,testCmp,0.003293
55000,js,testCmp,0.99103
55000,php,testCmp,0.0015208721160889
55000,py,testCmp,0.002262592315673828
55000,c,testCpy,0.000453
55000,java,testCpy,0.002197
55000,js,testCpy,1.234804
55000,php,testCpy,0.0022878646850586
55000,py,testCpy,0.0009233951568603516
55000,c,testLen,0.000206
55000,java,testLen,0.002863
55000,js,testLen,0.930223
55000,php,testLen,0.0025629997253418
55000,py,testLen,0.002392292022705078
60000,c,testCat,0.000442
60000,java,testCat,0.044546
60000,js,testCat,1.871135
60000,php,testCat,0.0022268295288086
60000,py,testCat,0.004539966583251953
60000,c,testCmp,0.000150
60000,java,testCmp,0.004102
60000,js,testCmp,1.02641
60000,php,testCmp,0.0016660690307617
60000,py,testCmp,0.002605438232421875
60000,c,testCpy,0.000591
60000,java,testCpy,0.001861
60000,js,testCpy,1.272245
60000,php,testCpy,0.0022530555725098
60000,py,testCpy,0.0009794235229492188
60000,c,testLen,0.000244
60000,java,testLen,0.002730
60000,js,testLen,0.924859
60000,php,testLen,0.0024111270904541
60000,py,testLen,0.0023424625396728516
65000,c,testCat,0.000484
65000,java,testCat,0.034750
65000,js,testCat,2.016755
65000,php,testCat,0.0025169849395752
65000,py,testCat,0.005003690719604492
65000,c,testCmp,0.000130
65000,java,testCmp,0.001488
65000,js,testCmp,1.383076
65000,php,testCmp,0.0020339488983154
65000,py,testCmp,0.002901315689086914
65000,c,testCpy,0.000523
65000,java,testCpy,0.000196
65000,js,testCpy,1.320863
65000,php,testCpy,0.0026829242706299
65000,py,testCpy,0.0009388923645019531
65000,c,testLen,0.000245
65000,java,testLen,0.000981
65000,js,testLen,1.160965
65000,php,testLen,0.0029501914978027
65000,py,testLen,0.002699613571166992
70000,c,testCat,0.000770
70000,java,testCat,0.032389
70000,js,testCat,2.427723
70000,php,testCat,0.0031278133392334
70000,py,testCat,0.004845857620239258
70000,c,testCmp,0.000169
70000,java,testCmp,0.001625
70000,js,testCmp,1.370541
70000,php,testCmp,0.0021018981933594
70000,py,testCmp,0.004437446594238281
70000,c,testCpy,0.000654
70000,java,testCpy,0.000200
70000,js,testCpy,1.429547
70000,php,testCpy,0.0029590129852295
70000,py,testCpy,0.0011260509490966797
70000,c,testLen,0.000289
70000,java,testLen,0.001678
70000,js,testLen,1.23641
70000,php,testLen,0.0029990673065186
70000,py,testLen,0.004668712615966797
75000,c,testCat,0.000757
75000,java,testCat,0.032516
75000,js,testCat,2.580072
75000,php,testCat,0.0033349990844727
75000,py,testCat,0.005209445953369141
75000,c,testCmp,0.000181
75000,java,testCmp,0.002083
75000,js,testCmp,1.587441
75000,php,testCmp,0.0022790431976318
75000,py,testCmp,0.003056764602661133
75000,c,testCpy,0.000718
75000,java,testCpy,0.000387
75000,js,testCpy,1.500292
75000,php,testCpy,0.0031969547271729
75000,py,testCpy,0.0011343955993652344
75000,c,testLen,0.000271
75000,java,testLen,0.001400
75000,js,testLen,1.358338
75000,php,testLen,0.003572940826416
75000,py,testLen,0.0030219554901123047
80000,c,testCat,0.000711
80000,java,testCat,0.032915
80000,js,testCat,3.713451
80000,php,testCat,0.0044081211090088
80000,py,testCat,0.005852699279785156
80000,c,testCmp,0.000220
80000,java,testCmp,0.002545
80000,js,testCmp,1.608256
80000,php,testCmp,0.002338171005249
80000,py,testCmp,0.0032262802124023438
80000,c,testCpy,0.000745
80000,java,testCpy,0.000237
80000,js,testCpy,1.514541
80000,php,testCpy,0.0032079219818115
80000,py,testCpy,0.0011179447174072266
80000,c,testLen,0.000284
80000,java,testLen,0.001422
80000,js,testLen,1.423953
80000,php,testLen,0.0035679340362549
80000,py,testLen,0.003062009811401367
85000,c,testCat,0.000657
85000,java,testCat,0.047551
85000,js,testCat,6.706185
85000,php,testCat,0.0068261623382568
85000,py,testCat,0.006529092788696289
85000,c,testCmp,0.000205
85000,java,testCmp,0.003422
85000,js,testCmp,2.168249
85000,php,testCmp,0.0026850700378418
85000,py,testCmp,0.003473043441772461
85000,c,testCpy,0.000895
85000,java,testCpy,0.000267
85000,js,testCpy,1.610194
85000,php,testCpy,0.0036239624023438
85000,py,testCpy,0.0012710094451904297
85000,c,testLen,0.000325
85000,java,testLen,0.002034
85000,js,testLen,1.543707
85000,php,testLen,0.00531005859375
85000,py,testLen,0.00362396240234375
90000,c,testCat,0.001268
90000,java,testCat,0.051565
90000,js,testCat,2.908045
90000,php,testCat,0.0043680667877197
90000,py,testCat,0.0063364505767822266
90000,c,testCmp,0.000218
90000,java,testCmp,0.002884
90000,js,testCmp,2.432236
90000,php,testCmp,0.0027279853820801
90000,py,testCmp,0.004282951354980469
90000,c,testCpy,0.000862
90000,java,testCpy,0.000299
90000,js,testCpy,1.832257
90000,php,testCpy,0.0040569305419922
90000,py,testCpy,0.0013995170593261719
90000,c,testLen,0.000311
90000,java,testLen,0.001952
90000,js,testLen,1.595245
90000,php,testLen,0.0041079521179199
90000,py,testLen,0.003857135772705078
95000,c,testCat,0.000707
95000,java,testCat,0.047392
95000,js,testCat,2.850661
95000,php,testCat,0.0044538974761963
95000,py,testCat,0.007192850112915039
95000,c,testCmp,0.000229
95000,java,testCmp,0.003195
95000,js,testCmp,2.066411
95000,php,testCmp,0.0028510093688965
95000,py,testCmp,0.003867626190185547
95000,c,testCpy,0.000913
95000,java,testCpy,0.000303
95000,js,testCpy,1.522335
95000,php,testCpy,0.0035629272460938
95000,py,testCpy,0.0014295578002929688
95000,c,testLen,0.000372
95000,java,testLen,0.002175
95000,js,testLen,1.419078
95000,php,testLen,0.004054069519043
95000,py,testLen,0.004490375518798828
100000,c,testCat,0.000736
100000,java,testCat,0.044883
100000,js,testCat,2.91625
100000,php,testCat,0.0044331550598145
100000,py,testCat,0.007555723190307617
100000,c,testCmp,0.000235
100000,java,testCmp,0.003470
100000,js,testCmp,1.886251
100000,php,testCmp,0.0030851364135742
100000,py,testCmp,0.004076480865478516
100000,c,testCpy,0.001128
100000,java,testCpy,0.000333
100000,js,testCpy,2.106512
100000,php,testCpy,0.0046451091766357
100000,py,testCpy,0.0014374256134033203
100000,c,testLen,0.000392
100000,java,testLen,0.002103
100000,js,testLen,1.553346
100000,php,testLen,0.0041229724884033
100000,py,testLen,0.003839254379272461
10000,c,testCat,0.000070
10000,java,testCat,0.036039
10000,js,testCat,0.438552
10000,php,testCat,0.00035691261291504
10000,py,testCat,0.0006482601165771484
10000,c,testCmp,0.000024
10000,java,testCmp,0.001046
10000,js,testCmp,0.27794
10000,php,testCmp,0.00028085708618164
10000,py,testCmp,0.00039458274841308594
10000,c,testCpy,0.000119
10000,java,testCpy,0.000480
10000,js,testCpy,0.354733
10000,php,testCpy,0.00038790702819824
10000,py,testCpy,0.0001506805419921875
10000,c,testLen,0.000035
10000,java,testLen,0.001033
10000,js,testLen,0.345538
10000,php,testLen,0.00042200088500977
10000,py,testLen,0.0003802776336669922
15000,c,testCat,0.000105
15000,java,testCat,0.037565
15000,js,testCat,0.637907
15000,php,testCat,0.00071120262145996
15000,py,testCat,0.0010614395141601562
15000,c,testCmp,0.000036
15000,java,testCmp,0.001099
15000,js,testCmp,0.415896
15000,php,testCmp,0.00041294097900391
15000,py,testCmp,0.0005953311920166016
15000,c,testCpy,0.000191
15000,java,testCpy,0.000517
15000,js,testCpy,0.359303
15000,php,testCpy,0.00060105323791504
15000,py,testCpy,0.00019073486328125
15000,c,testLen,0.000048
15000,java,testLen,0.001250
15000,js,testLen,0.384184
15000,php,testLen,0.00078296661376953
15000,py,testLen,0.0006475448608398438
20000,c,testCat,0.000132
20000,java,testCat,0.041449
20000,js,testCat,0.70403
20000,php,testCat,0.00076913833618164
20000,py,testCat,0.001253366470336914
20000,c,testCmp,0.000043
20000,java,testCmp,0.001635
20000,js,testCmp,0.432114
20000,php,testCmp,0.00051999092102051
20000,py,testCmp,0.0007483959197998047
20000,c,testCpy,0.000164
20000,java,testCpy,0.000591
20000,js,testCpy,0.44735
20000,php,testCpy,0.00072789192199707
20000,py,testCpy,0.0004966259002685547
20000,c,testLen,0.000072
20000,java,testLen,0.001020
20000,js,testLen,0.50977
20000,php,testLen,0.00086808204650879
20000,py,testLen,0.0007295608520507812
25000,c,testCat,0.000444
25000,java,testCat,0.030214
25000,js,testCat,0.844678
25000,php,testCat,0.00093579292297363
25000,py,testCat,0.0016789436340332031
25000,c,testCmp,0.000058
25000,java,testCmp,0.001436
25000,js,testCmp,0.769994
25000,php,testCmp,0.00072908401489258
25000,py,testCmp,0.0009593963623046875
25000,c,testCpy,0.000235
25000,java,testCpy,0.000765
25000,js,testCpy,0.565223
25000,php,testCpy,0.0010669231414795
25000,py,testCpy,0.000385284423828125
25000,c,testLen,0.000085
25000,java,testLen,0.001654
25000,js,testLen,0.480605
25000,php,testLen,0.00099897384643555
25000,py,testLen,0.0009336471557617188
30000,c,testCat,0.000249
30000,java,testCat,0.031248
30000,js,testCat,1.635737
30000,php,testCat,0.001060962677002
30000,py,testCat,0.001947164535522461
30000,c,testCmp,0.000069
30000,java,testCmp,0.001812
30000,js,testCmp,0.665268
30000,php,testCmp,0.00080585479736328
30000,py,testCmp,0.0013022422790527344
30000,c,testCpy,0.000282
30000,java,testCpy,0.001059
30000,js,testCpy,0.735249
30000,php,testCpy,0.0012569427490234
30000,py,testCpy,0.00046324729919433594
30000,c,testLen,0.000116
30000,java,testLen,0.001888
30000,js,testLen,0.641285
30000,php,testLen,0.0013091564178467
30000,py,testLen,0.0011599063873291016
35000,c,testCat,0.000261
35000,java,testCat,0.037528
35000,js,testCat,1.118479
35000,php,testCat,0.0012359619140625
35000,py,testCat,0.0024483203887939453
35000,c,testCmp,0.000076
35000,java,testCmp,0.002490
35000,js,testCmp,0.785837
35000,php,testCmp,0.0010919570922852
35000,py,testCmp,0.0015430450439453125
35000,c,testCpy,0.000328
35000,java,testCpy,0.001174
35000,js,testCpy,0.666333
35000,php,testCpy,0.0013020038604736
35000,py,testCpy,0.000484466552734375
35000,c,testLen,0.000143
35000,java,testLen,0.003001
35000,js,testLen,0.719829
35000,php,testLen,0.00142502784729
35000,py,testLen,0.0014545917510986328
40000,c,testCat,0.000276
40000,java,testCat,0.032503
40000,js,testCat,3.221124
40000,php,testCat,0.0014281272888184
40000,py,testCat,0.002692699432373047
40000,c,testCmp,0.000110
40000,java,testCmp,0.002494
40000,js,testCmp,0.760602
40000,php,testCmp,0.0012118816375732
40000,py,testCmp,0.0015912055969238281
40000,c,testCpy,0.000320
40000,java,testCpy,0.001278
40000,js,testCpy,0.901159
40000,php,testCpy,0.0014519691467285
40000,py,testCpy,0.0006122589111328125
40000,c,testLen,0.000153
40000,java,testLen,0.003228
40000,js,testLen,0.676904
40000,php,testLen,0.0015699863433838
40000,py,testLen,0.0015294551849365234
45000,c,testCat,0.000312
45000,java,testCat,0.040409
45000,js,testCat,2.357298
45000,php,testCat,0.0016560554504395
45000,py,testCat,0.003386974334716797
45000,c,testCmp,0.000120
45000,java,testCmp,0.003726
45000,js,testCmp,0.946876
45000,php,testCmp,0.0013089179992676
45000,py,testCmp,0.0019195079803466797
45000,c,testCpy,0.000454
45000,java,testCpy,0.001521
45000,js,testCpy,1.073356
45000,php,testCpy,0.0020051002502441
45000,py,testCpy,0.0008537769317626953
45000,c,testLen,0.000174
45000,java,testLen,0.004546
45000,js,testLen,1.257947
45000,php,testLen,0.0019590854644775
45000,py,testLen,0.001706838607788086
50000,c,testCat,0.000360
50000,java,testCat,0.036726
50000,js,testCat,3.547242
50000,php,testCat,0.0019171237945557
50000,py,testCat,0.003391742706298828
50000,c,testCmp,0.000114
50000,java,testCmp,0.003545
50000,js,testCmp,1.136163
50000,php,testCmp,0.0017452239990234
50000,py,testCmp,0.002488851547241211
50000,c,testCpy,0.000495
50000,java,testCpy,0.002031
50000,js,testCpy,1.077042
50000,php,testCpy,0.0018479824066162
50000,py,testCpy,0.0007529258728027344
50000,c,testLen,0.000153
50000,java,testLen,0.004239
50000,js,testLen,0.860429
50000,php,testLen,0.0020451545715332
50000,py,testLen,0.002117156982421875
55000,c,testCat,0.000431
55000,java,testCat,0.029900
55000,js,testCat,2.342915
55000,php,testCat,0.0020511150360107
55000,py,testCat,0.0038144588470458984
55000,c,testCmp,0.000133
55000,java,testCmp,0.003200
55000,js,testCmp,1.140803
55000,php,testCmp,0.0016610622406006
55000,py,testCmp,0.0022792816162109375
55000,c,testCpy,0.000493
55000,java,testCpy,0.001864
55000,js,testCpy,1.186556
55000,php,testCpy,0.0028700828552246
55000,py,testCpy,0.0008337497711181641
55000,c,testLen,0.000205
55000,java,testLen,0.004559
55000,js,testLen,1.016652
55000,php,testLen,0.0023989677429199
55000,py,testLen,0.00205230712890625
60000,c,testCat,0.000418
60000,java,testCat,0.038853
60000,js,testCat,1.899192
60000,php,testCat,0.0025038719177246
60000,py,testCat,0.004107952117919922
60000,c,testCmp,0.000145
60000,java,testCmp,0.003205
60000,js,testCmp,1.251038
60000,php,testCmp,0.0017299652099609
60000,py,testCmp,0.0024220943450927734
60000,c,testCpy,0.000558
60000,java,testCpy,0.001291
60000,js,testCpy,1.32079
60000,php,testCpy,0.0024399757385254
60000,py,testCpy,0.0009357929229736328
60000,c,testLen,0.000233
60000,java,testLen,0.003504
60000,js,testLen,1.209086
60000,php,testLen,0.0028948783874512
60000,py,testLen,0.0024073123931884766
65000,c,testCat,0.000473
65000,java,testCat,0.032689
65000,js,testCat,2.451241
65000,php,testCat,0.0027210712432861
65000,py,testCat,0.0045278072357177734
65000,c,testCmp,0.000157
65000,java,testCmp,0.001772
65000,js,testCmp,1.369712
65000,php,testCmp,0.0019121170043945
65000,py,testCmp,0.002833843231201172
65000,c,testCpy,0.000618
65000,java,testCpy,0.000187
65000,js,testCpy,1.550998
65000,php,testCpy,0.0028438568115234
65000,py,testCpy,0.0012462139129638672
65000,c,testLen,0.000285
65000,java,testLen,0.001908
65000,js,testLen,1.719746
65000,php,testLen,0.0026919841766357
65000,py,testLen,0.002858877182006836
70000,c,testCat,0.000647
70000,java,testCat,0.040755
70000,js,testCat,2.334275
70000,php,testCat,0.0030808448791504
70000,py,testCat,0.005250215530395508
70000,c,testCmp,0.000165
70000,java,testCmp,0.001708
70000,js,testCmp,1.349696
70000,php,testCmp,0.0021591186523438
70000,py,testCmp,0.0028142929077148438
70000,c,testCpy,0.000865
70000,java,testCpy,0.000214
70000,js,testCpy,2.050643
70000,php,testCpy,0.0030901432037354
70000,py,testCpy,0.0010433197021484375
70000,c,testLen,0.000275
70000,java,testLen,0.001329
70000,js,testLen,1.190902
70000,php,testLen,0.0031578540802002
70000,py,testLen,0.002761363983154297
75000,c,testCat,0.000591
75000,java,testCat,0.035038
75000,js,testCat,2.376477
75000,php,testCat,0.0032451152801514
75000,py,testCat,0.005143404006958008
75000,c,testCmp,0.000182
75000,java,testCmp,0.002284
75000,js,testCmp,1.729433
75000,php,testCmp,0.0023179054260254
75000,py,testCmp,0.0030519962310791016
75000,c,testCpy,0.000710
75000,java,testCpy,0.000414
75000,js,testCpy,1.722117
75000,php,testCpy,0.0031609535217285
75000,py,testCpy,0.0011060237884521484
75000,c,testLen,0.000279
75000,java,testLen,0.001317
75000,js,testLen,1.606777
75000,php,testLen,0.005918025970459
75000,py,testLen,0.003137826919555664
80000,c,testCat,0.000691
80000,java,testCat,0.032397
80000,js,testCat,3.553229
80000,php,testCat,0.0035560131072998
80000,py,testCat,0.006231546401977539
80000,c,testCmp,0.000194
80000,java,testCmp,0.002159
80000,js,testCmp,1.602836
80000,php,testCmp,0.0023748874664307
80000,py,testCmp,0.003216981887817383
80000,c,testCpy,0.000777
80000,java,testCpy,0.000244
80000,js,testCpy,1.490796
80000,php,testCpy,0.0034160614013672
80000,py,testCpy,0.001264810562133789
80000,c,testLen,0.000295
80000,java,testLen,0.001194
80000,js,testLen,1.206979
80000,php,testLen,0.0032241344451904
80000,py,testLen,0.0033516883850097656
85000,c,testCat,0.000700
85000,java,testCat,0.031356
85000,js,testCat,4.515468
85000,php,testCat,0.0032248497009277
85000,py,testCat,0.006410360336303711
85000,c,testCmp,0.000171
85000,java,testCmp,0.004228
85000,js,testCmp,1.466158
85000,php,testCmp,0.0023038387298584
85000,py,testCmp,0.0037424564361572266
85000,c,testCpy,0.000679
85000,java,testCpy,0.000259
85000,js,testCpy,1.709665
85000,php,testCpy,0.0032281875610352
85000,py,testCpy,0.0012624263763427734
85000,c,testLen,0.000279
85000,java,testLen,0.001351
85000,js,testLen,1.265274
85000,php,testLen,0.0032870769500732
85000,py,testLen,0.003711700439453125
90000,c,testCat,0.000675
90000,java,testCat,0.056210
90000,js,testCat,2.687869
90000,php,testCat,0.0039339065551758
90000,py,testCat,0.006927967071533203
90000,c,testCmp,0.000239
90000,java,testCmp,0.003295
90000,js,testCmp,2.485052
90000,php,testCmp,0.002694845199585
90000,py,testCmp,0.0037920475006103516
90000,c,testCpy,0.000910
90000,java,testCpy,0.000306
90000,js,testCpy,2.398468
90000,php,testCpy,0.0047521591186523
90000,py,testCpy,0.0014812946319580078
90000,c,testLen,0.000396
90000,java,testLen,0.002463
90000,js,testLen,1.848394
90000,php,testLen,0.0049300193786621
90000,py,testLen,0.004032611846923828
95000,c,testCat,0.000897
95000,java,testCat,0.054210
95000,js,testCat,4.292907
95000,php,testCat,0.0059909820556641
95000,py,testCat,0.007868051528930664
95000,c,testCmp,0.000280
95000,java,testCmp,0.003351
95000,js,testCmp,1.896944
95000,php,testCmp,0.0028250217437744
95000,py,testCmp,0.0040225982666015625
95000,c,testCpy,0.000854
95000,java,testCpy,0.000326
95000,js,testCpy,1.700295
95000,php,testCpy,0.0037510395050049
95000,py,testCpy,0.0013151168823242188
95000,c,testLen,0.000358
95000,java,testLen,0.002324
95000,js,testLen,1.435785
95000,php,testLen,0.0041718482971191
95000,py,testLen,0.003985404968261719
100000,c,testCat,0.000644
100000,java,testCat,0.038225
100000,js,testCat,2.548224
100000,php,testCat,0.0042459964752197
100000,py,testCat,0.0069735050201416016
100000,c,testCmp,0.000249
100000,java,testCmp,0.003390
100000,js,testCmp,1.601026
100000,php,testCmp,0.0029959678649902
100000,py,testCmp,0.004081249237060547
100000,c,testCpy,0.000969
100000,java,testCpy,0.000301
100000,js,testCpy,1.693761
100000,php,testCpy,0.0036640167236328
100000,py,testCpy,0.001556396484375
100000,c,testLen,0.000315
100000,java,testLen,0.003615
100000,js,testLen,1.374394
100000,php,testLen,0.0042572021484375
100000,py,testLen,0.003871440887451172
10000,c,testCat,0.000069
10000,java,testCat,0.028507
10000,js,testCat,0.419894
10000,php,testCat,0.0003199577331543
10000,py,testCat,0.000720977783203125
10000,c,testCmp,0.000026
10000,java,testCmp,0.000797
10000,js,testCmp,0.300661
10000,php,testCmp,0.00027799606323242
10000,py,testCmp,0.00036907196044921875
10000,c,testCpy,0.000086
10000,java,testCpy,0.000361
10000,js,testCpy,0.381913
10000,php,testCpy,0.00037193298339844
10000,py,testCpy,0.00013589859008789062
10000,c,testLen,0.000049
10000,java,testLen,0.000940
10000,js,testLen,0.382343
10000,php,testLen,0.00041985511779785
10000,py,testLen,0.0003426074981689453
15000,c,testCat,0.000103
15000,java,testCat,0.039120
15000,js,testCat,0.621934
15000,php,testCat,0.00055694580078125
15000,py,testCat,0.0010440349578857422
15000,c,testCmp,0.000033
15000,java,testCmp,0.001161
15000,js,testCmp,0.437952
15000,php,testCmp,0.00039505958557129
15000,py,testCmp,0.0005223751068115234
15000,c,testCpy,0.000129
15000,java,testCpy,0.000532
15000,js,testCpy,0.407521
15000,php,testCpy,0.00056099891662598
15000,py,testCpy,0.0002090930938720703
15000,c,testLen,0.000052
15000,java,testLen,0.001212
15000,js,testLen,0.382511
15000,php,testLen,0.00064301490783691
15000,py,testLen,0.0006425380706787109
20000,c,testCat,0.000130
20000,java,testCat,0.035376
20000,js,testCat,0.759715
20000,php,testCat,0.00077390670776367
20000,py,testCat,0.0017774105072021484
20000,c,testCmp,0.000048
20000,java,testCmp,0.001113
20000,js,testCmp,0.724413
20000,php,testCmp,0.00054001808166504
20000,py,testCmp,0.0007903575897216797
20000,c,testCpy,0.000178
20000,java,testCpy,0.000619
20000,js,testCpy,0.533701
20000,php,testCpy,0.00077104568481445
20000,py,testCpy,0.0002803802490234375
20000,c,testLen,0.000071
20000,java,testLen,0.001270
20000,js,testLen,0.463792
20000,php,testLen,0.0011141300201416
20000,py,testLen,0.0008025169372558594
25000,c,testCat,0.000193
25000,java,testCat,0.040356
25000,js,testCat,0.836076
25000,php,testCat,0.00092005729675293
25000,py,testCat,0.0017428398132324219
25000,c,testCmp,0.000062
25000,java,testCmp,0.001440
25000,js,testCmp,0.589921
25000,php,testCmp,0.00075101852416992
25000,py,testCmp,0.0010309219360351562
25000,c,testCpy,0.000260
25000,java,testCpy,0.000882
25000,js,testCpy,0.590457
25000,php,testCpy,0.0010011196136475
25000,py,testCpy,0.0003502368927001953
25000,c,testLen,0.000101
25000,java,testLen,0.001504
25000,js,testLen,0.47941
25000,php,testLen,0.0010330677032471
25000,py,testLen,0.0009186267852783203
30000,c,testCat,0.000206
30000,java,testCat,0.029790
30000,js,testCat,1.10631
30000,php,testCat,0.0013859272003174
30000,py,testCat,0.002062082290649414
30000,c,testCmp,0.000083
30000,java,testCmp,0.001767
30000,js,testCmp,0.953942
30000,php,testCmp,0.00088214874267578
30000,py,testCmp,0.0012242794036865234
30000,c,testCpy,0.000282
30000,java,testCpy,0.001105
30000,js,testCpy,0.89569
30000,php,testCpy,0.001244068145752
30000,py,testCpy,0.0005135536193847656
30000,c,testLen,0.000112
30000,java,testLen,0.001729
30000,js,testLen,0.877013
30000,php,testLen,0.0013251304626465
30000,py,testLen,0.0011746883392333984
35000,c,testCat,0.000269
35000,java,testCat,0.035588
35000,js,testCat,1.814153
35000,php,testCat,0.0012969970703125
35000,py,testCat,0.002482175827026367
35000,c,testCmp,0.000087
35000,java,testCmp,0.002471
35000,js,testCmp,0.806104
35000,php,testCmp,0.0010268688201904
35000,py,testCmp,0.0016078948974609375
35000,c,testCpy,0.000351
35000,java,testCpy,0.001167
35000,js,testCpy,0.851125
35000,php,testCpy,0.0014698505401611
35000,py,testCpy,0.0005843639373779297
35000,c,testLen,0.000139
35000,java,testLen,0.003059
35000,js,testLen,0.709351
35000,php,testLen,0.0015149116516113
35000,py,testLen,0.0014545917510986328
40000,c,testCat,0.000343
40000,java,testCat,0.044288
40000,js,testCat,3.757318
40000,php,testCat,0.0015430450439453
40000,py,testCat,0.0028846263885498047
40000,c,testCmp,0.000106
40000,java,testCmp,0.002623
40000,js,testCmp,0.999631
40000,php,testCmp,0.0012109279632568
40000,py,testCmp,0.0016415119171142578
40000,c,testCpy,0.000398
40000,java,testCpy,0.001692
40000,js,testCpy,1.362104
40000,php,testCpy,0.0016129016876221
40000,py,testCpy,0.0005762577056884766
40000,c,testLen,0.000144
40000,java,testLen,0.002477
40000,js,testLen,0.777209
40000,php,testLen,0.0017950534820557
40000,py,testLen,0.001543283462524414
45000,c,testCat,0.000475
45000,java,testCat,0.051349
45000,js,testCat,2.402395
45000,php,testCat,0.0017871856689453
45000,py,testCat,0.0031156539916992188
45000,c,testCmp,0.000110
45000,java,testCmp,0.003387
45000,js,testCmp,1.051637
45000,php,testCmp,0.0013918876647949
45000,py,testCmp,0.0018701553344726562
45000,c,testCpy,0.000423
45000,java,testCpy,0.002135
45000,js,testCpy,1.086761
45000,php,testCpy,0.0019798278808594
45000,py,testCpy,0.0007190704345703125
45000,c,testLen,0.000179
45000,java,testLen,0.003039
45000,js,testLen,1.36709
45000,php,testLen,0.0023560523986816
45000,py,testLen,0.002305269241333008
50000,c,testCat,0.000375
50000,java,testCat,0.037305
50000,js,testCat,3.628006
50000,php,testCat,0.0020971298217773
50000,py,testCat,0.0040776729583740234
50000,c,testCmp,0.000120
50000,java,testCmp,0.003280
50000,js,testCmp,1.206861
50000,php,testCmp,0.0022737979888916
50000,py,testCmp,0.002022981643676758
50000,c,testCpy,0.000529
50000,java,testCpy,0.001671
50000,js,testCpy,1.081808
50000,php,testCpy,0.002025842666626
50000,py,testCpy,0.0007443428039550781
50000,c,testLen,0.000184
50000,java,testLen,0.002501
50000,js,testLen,1.363265
50000,php,testLen,0.0023179054260254
50000,py,testLen,0.0021085739135742188
55000,c,testCat,0.000424
55000,java,testCat,0.052696
55000,js,testCat,1.838995
55000,php,testCat,0.0025169849395752
55000,py,testCat,0.00405120849609375
55000,c,testCmp,0.000142
55000,java,testCmp,0.003525
55000,js,testCmp,1.127751
55000,php,testCmp,0.0021018981933594
55000,py,testCmp,0.0022783279418945312
55000,c,testCpy,0.000565
55000,java,testCpy,0.001516
55000,js,testCpy,1.203751
55000,php,testCpy,0.0023331642150879
55000,py,testCpy,0.0007641315460205078
55000,c,testLen,0.000206
55000,java,testLen,0.002636
55000,js,testLen,1.613418
55000,php,testLen,0.0024600028991699
55000,py,testLen,0.002117156982421875
60000,c,testCat,0.000442
60000,java,testCat,0.045724
60000,js,testCat,2.065689
60000,php,testCat,0.0026431083679199
60000,py,testCat,0.004182338714599609
60000,c,testCmp,0.000145
60000,java,testCmp,0.003963
60000,js,testCmp,1.242806
60000,php,testCmp,0.001802921295166
60000,py,testCmp,0.0025839805603027344
60000,c,testCpy,0.000609
60000,java,testCpy,0.001852
60000,js,testCpy,1.966422
60000,php,testCpy,0.0034639835357666
60000,py,testCpy,0.0011935234069824219
60000,c,testLen,0.000227
60000,java,testLen,0.003081
60000,js,testLen,1.774443
60000,php,testLen,0.003115177154541
60000,py,testLen,0.0028798580169677734
65000,c,testCat,0.000508
65000,java,testCat,0.041583
65000,js,testCat,2.248653
65000,php,testCat,0.0045950412750244
65000,py,testCat,0.004470348358154297
65000,c,testCmp,0.000157
65000,java,testCmp,0.002806
65000,js,testCmp,1.333876
65000,php,testCmp,0.0018990039825439
65000,py,testCmp,0.0026149749755859375
65000,c,testCpy,0.000615
65000,java,testCpy,0.000194
65000,js,testCpy,1.691307
65000,php,testCpy,0.0030069351196289
65000,py,testCpy,0.0010988712310791016
65000,c,testLen,0.000262
65000,java,testLen,0.000780
65000,js,testLen,1.234196
65000,php,testLen,0.0030550956726074
65000,py,testLen,0.002528667449951172
70000,c,testCat,0.000534
70000,java,testCat,0.044753
70000,js,testCat,2.467124
70000,php,testCat,0.0030989646911621
70000,py,testCat,0.004865407943725586
70000,c,testCmp,0.000170
70000,java,testCmp,0.002513
70000,js,testCmp,1.575877
70000,php,testCmp,0.0022408962249756
70000,py,testCmp,0.0029501914978027344
70000,c,testCpy,0.000685
70000,java,testCpy,0.000277
70000,js,testCpy,1.56348
70000,php,testCpy,0.0028588771820068
70000,py,testCpy,0.001024484634399414
70000,c,testLen,0.000277
70000,java,testLen,0.001377
70000,js,testLen,1.254675
70000,php,testLen,0.0031039714813232
70000,py,testLen,0.0028772354125976562
75000,c,testCat,0.000533
75000,java,testCat,0.052053
75000,js,testCat,2.293289
75000,php,testCat,0.0032539367675781
75000,py,testCat,0.0050961971282958984
75000,c,testCmp,0.000176
75000,java,testCmp,0.002133
75000,js,testCmp,1.972897
75000,php,testCmp,0.0022380352020264
75000,py,testCmp,0.0034482479095458984
75000,c,testCpy,0.000769
75000,java,testCpy,0.000441
75000,js,testCpy,1.355607
75000,php,testCpy,0.0028200149536133
75000,py,testCpy,0.0012972354888916016
75000,c,testLen,0.000287
75000,java,testLen,0.001146
75000,js,testLen,1.08351
75000,php,testLen,0.0030310153961182
75000,py,testLen,0.003247976303100586
80000,c,testCat,0.000650
80000,java,testCat,0.047396
80000,js,testCat,2.42409
80000,php,testCat,0.003197193145752
80000,py,testCat,0.005530118942260742
80000,c,testCmp,0.000194
80000,java,testCmp,0.002385
80000,js,testCmp,2.028054
80000,php,testCmp,0.0044510364532471
80000,py,testCmp,0.003662109375
80000,c,testCpy,0.000864
80000,java,testCpy,0.000512
80000,js,testCpy,1.705856
80000,php,testCpy,0.0038340091705322
80000,py,testCpy,0.0013232231140136719
80000,c,testLen,0.000461
80000,java,testLen,0.003430
80000,js,testLen,1.474821
80000,php,testLen,0.0038251876831055
80000,py,testLen,0.004054069519042969
85000,c,testCat,0.000662
85000,java,testCat,0.060907
85000,js,testCat,5.854793
85000,php,testCat,0.0079410076141357
85000,py,testCat,0.006789684295654297
85000,c,testCmp,0.000234
85000,java,testCmp,0.002773
85000,js,testCmp,2.653694
85000,php,testCmp,0.0028090476989746
85000,py,testCmp,0.004803657531738281
85000,c,testCpy,0.000874
85000,java,testCpy,0.000350
85000,php,testCpy,0.0042710304260254
85000,py,testCpy,0.0023407936096191406
85000,c,testLen,0.000337
85000,java,testLen,0.001736
85000,js,testLen,1.457899
85000,php,testLen,0.0041501522064209
85000,py,testLen,0.0034699440002441406
90000,c,testCat,0.000746
90000,java,testCat,0.047070
90000,js,testCat,2.491836
90000,php,testCat,0.0038011074066162
90000,py,testCat,0.006251335144042969
90000,c,testCmp,0.000239
90000,java,testCmp,0.002794
90000,js,testCmp,2.197269
90000,php,testCmp,0.003014087677002
90000,py,testCmp,0.0038759708404541016
90000,c,testCpy,0.001000
90000,java,testCpy,0.000271
90000,js,testCpy,1.635275
90000,php,testCpy,0.0036981105804443
90000,py,testCpy,0.003179311752319336
90000,c,testLen,0.000347
90000,java,testLen,0.002006
90000,js,testLen,1.620779
90000,php,testLen,0.0050427913665771
90000,py,testLen,0.004408359527587891
95000,c,testCat,0.000739
95000,java,testCat,0.057769
95000,js,testCat,3.037942
95000,php,testCat,0.0045731067657471
95000,py,testCat,0.007059574127197266
95000,c,testCmp,0.000244
95000,java,testCmp,0.003135
95000,js,testCmp,2.618846
95000,php,testCmp,0.0030109882354736
95000,py,testCmp,0.0042688846588134766
95000,c,testCpy,0.001106
95000,java,testCpy,0.000323
95000,js,testCpy,1.961968
95000,php,testCpy,0.0042331218719482
95000,py,testCpy,0.001489400863647461
95000,c,testLen,0.000395
95000,java,testLen,0.002488
95000,js,testLen,1.818811
95000,php,testLen,0.0048990249633789
95000,py,testLen,0.004131317138671875
100000,c,testCat,0.000795
100000,java,testCat,0.052622
100000,js,testCat,3.14047
100000,php,testCat,0.0047540664672852
100000,py,testCat,0.007386207580566406
100000,c,testCmp,0.000256
100000,java,testCmp,0.005027
100000,js,testCmp,2.835712
100000,php,testCmp,0.0037500858306885
100000,py,testCmp,0.00442957878112793
100000,c,testCpy,0.001031
100000,java,testCpy,0.000341
100000,js,testCpy,2.297855
100000,php,testCpy,0.0058259963989258
100000,py,testCpy,0.0019230842590332031
100000,c,testLen,0.000387
100000,java,testLen,0.002100
100000,js,testLen,1.7084
100000,php,testLen,0.0048949718475342
100000,py,testLen,0.004476308822631836
10000,c,testCat,0.000082
10000,java,testCat,0.031676
10000,js,testCat,0.450308
10000,php,testCat,0.00038814544677734
10000,py,testCat,0.0007305145263671875
10000,c,testCmp,0.000026
10000,java,testCmp,0.000741
10000,js,testCmp,0.294611
10000,php,testCmp,0.00030684471130371
10000,py,testCmp,0.00042629241943359375
10000,c,testCpy,0.000099
10000,java,testCpy,0.000347
10000,js,testCpy,0.405408
10000,php,testCpy,0.00042390823364258
10000,py,testCpy,0.00016570091247558594
10000,c,testLen,0.000040
10000,java,testLen,0.001085
10000,js,testLen,0.361324
10000,php,testLen,0.00046586990356445
10000,py,testLen,0.00040268898010253906
15000,c,testCat,0.000119
15000,java,testCat,0.042119
15000,js,testCat,0.616241
15000,php,testCat,0.00075411796569824
15000,py,testCat,0.0011534690856933594
15000,c,testCmp,0.000041
15000,java,testCmp,0.001301
15000,js,testCmp,0.458106
15000,php,testCmp,0.00045609474182129
15000,py,testCmp,0.0006506443023681641
15000,c,testCpy,0.000166
15000,java,testCpy,0.000550
15000,js,testCpy,0.5606
15000,php,testCpy,0.00063109397888184
15000,py,testCpy,0.00021767616271972656
15000,c,testLen,0.000057
15000,java,testLen,0.001148
15000,js,testLen,0.401241
15000,php,testLen,0.00069212913513184
15000,py,testLen,0.0006010532379150391
20000,c,testCat,0.000148
20000,java,testCat,0.033795
20000,js,testCat,0.833098
20000,php,testCat,0.00096416473388672
20000,py,testCat,0.0014929771423339844
20000,c,testCmp,0.000052
20000,java,testCmp,0.001582
20000,js,testCmp,0.928121
20000,php,testCmp,0.00065493583679199
20000,py,testCmp,0.0008566379547119141
20000,c,testCpy,0.000203
20000,java,testCpy,0.001062
20000,js,testCpy,0.607699
20000,php,testCpy,0.00092887878417969
20000,py,testCpy,0.0003771781921386719
20000,c,testLen,0.000085
20000,java,testLen,0.001014
20000,js,testLen,0.661099
20000,php,testLen,0.0009911060333252
20000,py,testLen,0.0008473396301269531
25000,c,testCat,0.000202
25000,java,testCat,0.041491
25000,js,testCat,1.643992
25000,php,testCat,0.00095391273498535
25000,py,testCat,0.0017752647399902344
25000,c,testCmp,0.000063
25000,java,testCmp,0.001429
25000,js,testCmp,0.682752
25000,php,testCmp,0.00068116188049316
25000,py,testCmp,0.001069784164428711
25000,c,testCpy,0.000235
25000,java,testCpy,0.000874
25000,js,testCpy,0.650078
25000,php,testCpy,0.0010330677032471
25000,py,testCpy,0.0003609657287597656
25000,c,testLen,0.000111
25000,java,testLen,0.001405
25000,js,testLen,0.537965
25000,php,testLen,0.00111985206604
25000,py,testLen,0.000990152359008789
30000,c,testCat,0.000253
30000,java,testCat,0.037471
30000,js,testCat,1.810299
30000,php,testCat,0.0014219284057617
30000,py,testCat,0.0021715164184570312
30000,c,testCmp,0.000078
30000,java,testCmp,0.001963
30000,js,testCmp,0.801843
30000,php,testCmp,0.00090885162353516
30000,py,testCmp,0.0012919902801513672
30000,c,testCpy,0.000302
30000,java,testCpy,0.001014
30000,js,testCpy,0.757954
30000,php,testCpy,0.0016169548034668
30000,py,testCpy,0.00044608116149902344
30000,c,testLen,0.000121
30000,java,testLen,0.001845
30000,js,testLen,0.683088
30000,php,testLen,0.001413106918335
30000,py,testLen,0.0012135505676269531
35000,c,testCat,0.000266
35000,java,testCat,0.046488
35000,js,testCat,1.352775
35000,php,testCat,0.0015349388122559
35000,py,testCat,0.0025832653045654297
35000,c,testCmp,0.000091
35000,java,testCmp,0.004635
35000,js,testCmp,0.918449
35000,php,testCmp,0.0011889934539795
35000,py,testCmp,0.0015468597412109375
35000,c,testCpy,0.000366
35000,java,testCpy,0.001345
35000,js,testCpy,0.926464
35000,php,testCpy,0.0017740726470947
35000,py,testCpy,0.0005507469177246094
35000,c,testLen,0.000137
35000,java,testLen,0.002244
35000,js,testLen,0.82881
35000,php,testLen,0.0016689300537109
35000,py,testLen,0.0013742446899414062
40000,c,testCat,0.000307
40000,java,testCat,0.036717
40000,js,testCat,1.415244
40000,php,testCat,0.0017600059509277
40000,py,testCat,0.005776166915893555
40000,c,testCmp,0.000109
40000,java,testCmp,0.003112
40000,js,testCmp,1.406125
40000,php,testCmp,0.0014069080352783
40000,py,testCmp,0.0018699169158935547
40000,c,testCpy,0.000422
40000,java,testCpy,0.001935
40000,js,testCpy,1.052125
40000,php,testCpy,0.0019710063934326
40000,py,testCpy,0.0012731552124023438
40000,c,testLen,0.000167
40000,java,testLen,0.003100
40000,js,testLen,0.935689
40000,php,testLen,0.0020778179168701
40000,py,testLen,0.0016970634460449219
45000,c,testCat,0.000352
45000,java,testCat,0.047707
45000,js,testCat,1.796065
45000,php,testCat,0.0017991065979004
45000,py,testCat,0.003394603729248047
45000,c,testCmp,0.000113
45000,java,testCmp,0.003171
45000,js,testCmp,1.030174
45000,php,testCmp,0.0013611316680908
45000,py,testCmp,0.0019040107727050781
45000,c,testCpy,0.000452
45000,java,testCpy,0.001645
45000,js,testCpy,1.103522
45000,php,testCpy,0.0019240379333496
45000,py,testCpy,0.0006973743438720703
45000,c,testLen,0.000168
45000,java,testLen,0.004106
45000,js,testLen,0.925347
45000,php,testLen,0.0020451545715332
45000,py,testLen,0.001932382583618164
50000,c,testCat,0.000364
50000,java,testCat,0.034894
50000,js,testCat,3.987457
50000,php,testCat,0.0021770000457764
50000,py,testCat,0.003764629364013672
50000,c,testCmp,0.000129
50000,java,testCmp,0.003180
50000,js,testCmp,1.570003
50000,php,testCmp,0.0015549659729004
50000,py,testCmp,0.002062559127807617
50000,c,testCpy,0.000504
50000,java,testCpy,0.002081
50000,js,testCpy,1.192682
50000,php,testCpy,0.0020771026611328
50000,py,testCpy,0.0007932186126708984
50000,c,testLen,0.000186
50000,java,testLen,0.002846
50000,js,testLen,0.945266
50000,php,testLen,0.0023188591003418
50000,py,testLen,0.002039194107055664
55000,c,testCat,0.000416
55000,java,testCat,0.033800
55000,js,testCat,1.732648
55000,php,testCat,0.0024299621582031
55000,py,testCat,0.004077434539794922
55000,c,testCmp,0.000137
55000,java,testCmp,0.003222
55000,js,testCmp,1.147057
55000,php,testCmp,0.0023181438446045
55000,py,testCmp,0.002316713333129883
55000,c,testCpy,0.000541
55000,java,testCpy,0.001862
55000,js,testCpy,1.260136
55000,php,testCpy,0.0023841857910156
55000,py,testCpy,0.0008690357208251953
55000,c,testLen,0.000224
55000,java,testLen,0.003547
55000,js,testLen,1.155765
55000,php,testLen,0.0028519630432129
55000,py,testLen,0.0023746490478515625
60000,c,testCat,0.000468
60000,java,testCat,0.039207
60000,js,testCat,3.078781
60000,php,testCat,0.0027520656585693
60000,py,testCat,0.004908323287963867
60000,c,testCmp,0.000158
60000,java,testCmp,0.003326
60000,js,testCmp,1.297182
60000,php,testCmp,0.0019330978393555
60000,py,testCmp,0.0025513172149658203
60000,c,testCpy,0.000595
60000,java,testCpy,0.001380
60000,js,testCpy,1.251097
60000,php,testCpy,0.0023009777069092
60000,py,testCpy,0.0009090900421142578
60000,c,testLen,0.000212
60000,java,testLen,0.002624
60000,js,testLen,1.105664
60000,php,testLen,0.0025620460510254
60000,py,testLen,0.0024514198303222656
65000,c,testCat,0.000631
65000,java,testCat,0.038525
65000,js,testCat,1.96428
65000,php,testCat,0.003162145614624
65000,py,testCat,0.004853963851928711
65000,c,testCmp,0.000134
65000,java,testCmp,0.001823
65000,js,testCmp,1.09301
65000,php,testCmp,0.0017580986022949
65000,py,testCmp,0.002696990966796875
65000,c,testCpy,0.000547
65000,java,testCpy,0.000181
65000,js,testCpy,1.200421
65000,php,testCpy,0.0025169849395752
65000,py,testCpy,0.0010504722595214844
65000,c,testLen,0.000274
65000,java,testLen,0.000781
65000,js,testLen,1.65001
65000,php,testLen,0.0025861263275146
65000,py,testLen,0.002717733383178711
70000,c,testCat,0.000506
70000,java,testCat,0.033366
70000,js,testCat,2.250154
70000,php,testCat,0.0030369758605957
70000,py,testCat,0.005642890930175781
70000,c,testCmp,0.000180
70000,java,testCmp,0.002318
70000,js,testCmp,1.270407
70000,php,testCmp,0.0018980503082275
70000,py,testCmp,0.003031015396118164
70000,c,testCpy,0.000743
70000,java,testCpy,0.000214
70000,js,testCpy,1.506387
70000,php,testCpy,0.002683162689209
70000,py,testCpy,0.0011017322540283203
70000,c,testLen,0.000210
70000,java,testLen,0.000981
70000,js,testLen,1.036535
70000,php,testLen,0.0026881694793701
70000,py,testLen,0.005255937576293945
75000,c,testCat,0.000999
75000,java,testCat,0.033376
75000,js,testCat,2.340372
75000,php,testCat,0.0031189918518066
75000,py,testCat,0.006456851959228516
75000,c,testCmp,0.000181
75000,java,testCmp,0.002011
75000,js,testCmp,1.292388
75000,php,testCmp,0.0022480487823486
75000,py,testCmp,0.0031197071075439453
75000,c,testCpy,0.000710
75000,java,testCpy,0.000221
75000,js,testCpy,1.347482
75000,php,testCpy,0.0028440952301025
75000,py,testCpy,0.0010952949523925781
75000,c,testLen,0.000288
75000,java,testLen,0.001297
75000,js,testLen,1.307951
75000,php,testLen,0.0029060840606689
75000,py,testLen,0.003247499465942383
80000,c,testCat,0.000737
80000,java,testCat,0.032467
80000,js,testCat,2.102278
80000,php,testCat,0.0035719871520996
80000,py,testCat,0.0062639713287353516
80000,c,testCmp,0.000205
80000,java,testCmp,0.002564
80000,js,testCmp,1.903317
80000,php,testCmp,0.0021629333496094
80000,py,testCmp,0.0032651424407958984
80000,c,testCpy,0.000852
80000,java,testCpy,0.000244
80000,js,testCpy,1.33827
80000,php,testCpy,0.0030632019042969
80000,py,testCpy,0.0013680458068847656
80000,c,testLen,0.000261
80000,java,testLen,0.001302
80000,js,testLen,1.486097
80000,php,testLen,0.0038731098175049
80000,py,testLen,0.0032892227172851562
85000,c,testCat,0.000655
85000,java,testCat,0.032037
85000,js,testCat,5.291242
85000,php,testCat,0.0032250881195068
85000,py,testCat,0.006493091583251953
85000,c,testCmp,0.000225
85000,java,testCmp,0.004239
85000,js,testCmp,2.224416
85000,php,testCmp,0.0023510456085205
85000,py,testCmp,0.003905773162841797
85000,c,testCpy,0.000799
85000,java,testCpy,0.000291
85000,js,testCpy,1.573073
85000,php,testCpy,0.0033330917358398
85000,py,testCpy,0.0014116764068603516
85000,c,testLen,0.000298
85000,java,testLen,0.001527
85000,js,testLen,1.287752
85000,php,testLen,0.0036818981170654
85000,py,testLen,0.003427267074584961
90000,c,testCat,0.000598
90000,java,testCat,0.049478
90000,js,testCat,2.993477
90000,php,testCat,0.0038130283355713
90000,py,testCat,0.00708460807800293
90000,c,testCmp,0.000180
90000,java,testCmp,0.003015
90000,js,testCmp,1.690713
90000,php,testCmp,0.002985954284668
90000,py,testCmp,0.0038471221923828125
90000,c,testCpy,0.000994
90000,java,testCpy,0.000279
90000,js,testCpy,1.60611
90000,php,testCpy,0.0035121440887451
90000,py,testCpy,0.0014929771423339844
90000,c,testLen,0.000503
90000,java,testLen,0.002528
90000,js,testLen,1.44768
90000,php,testLen,0.0036230087280273
90000,py,testLen,0.004098653793334961
95000,c,testCat,0.000788
95000,java,testCat,0.050428
95000,js,testCat,2.484631
95000,php,testCat,0.0037641525268555
95000,py,testCat,0.006974935531616211
95000,c,testCmp,0.000231
95000,java,testCmp,0.003273
95000,js,testCmp,1.637661
95000,php,testCmp,0.0030221939086914
95000,py,testCmp,0.0044994354248046875
95000,c,testCpy,0.000857
95000,java,testCpy,0.000317
95000,js,testCpy,1.707843
95000,php,testCpy,0.0037069320678711
95000,py,testCpy,0.0024209022521972656
95000,c,testLen,0.000416
95000,java,testLen,0.002359
95000,js,testLen,1.264504
95000,php,testLen,0.0039470195770264
95000,py,testLen,0.004222869873046875
100000,c,testCat,0.000867
100000,java,testCat,0.038551
100000,js,testCat,4.772794
100000,php,testCat,0.0050811767578125
100000,py,testCat,0.007578611373901367
100000,c,testCmp,0.000211
100000,java,testCmp,0.004549
100000,js,testCmp,2.014356
100000,php,testCmp,0.0028238296508789
100000,py,testCmp,0.004685640335083008
100000,c,testCpy,0.000840
100000,java,testCpy,0.000331
100000,js,testCpy,1.850293
100000,php,testCpy,0.0040810108184814
100000,py,testCpy,0.0014302730560302734
100000,c,testLen,0.000404
100000,java,testLen,0.002359
100000,js,testLen,1.434771
100000,php,testLen,0.0041811466217041
100000,py,testLen,0.004015684127807617
10000,java,testCat,0.033874
